x	xend	y	yend	showSelected1
1	1	1.37904870689557	2.04175370688883	1
2	2	2.53964502103344	1.50789870299525	1
3	3	6.61741662829825	0.974043699101679	1
4	4	4.14101678284915	0.440188695208104	1
5	5	4.75857547032189	-0.0936663086854717	1
6	6	8.43012997376656	-0.627521312579046	1
7	7	6.4218324119784	-1.16137631647262	1
8	8	3.46987753078693	-1.6952313203662	1
9	9	5.12629429621295	-2.22908632425977	1
10	10	6.10867605980008	-2.76294132815335	1
11	11	9.94816359487892	-3.29679633204692	1
12	12	8.71962765411473	-3.8306513359405	1
13	13	9.30154290118811	-4.36450633983407	1
14	14	9.22136543189024	-4.89836134372765	1
15	15	8.38831773049185	-5.43221634762122	1
1	1	1.37904870689557	2.08257003341944	2
2	2	2.53964502103344	1.58953135605648	2
3	3	6.61741662829825	1.09649267869352	2
4	4	4.14101678284915	0.603454001330553	2
5	5	4.75857547032189	0.11041532396759	2
6	6	8.43012997376656	-0.382623353395373	2
7	7	6.4218324119784	-0.875662030758336	2
8	8	3.46987753078693	-1.3687007081213	2
9	9	5.12629429621295	-1.86173938548426	2
10	10	6.10867605980008	-2.35477806284722	2
11	11	9.94816359487892	-2.84781674021019	2
12	12	8.71962765411473	-3.34085541757315	2
13	13	9.30154290118811	-3.83389409493611	2
14	14	9.22136543189024	-4.32693277229907	2
15	15	8.38831773049185	-4.81997144966204	2
1	1	1.37904870689557	2.12338635995005	3
2	2	2.53964502103344	1.6711640091177	3
3	3	6.61741662829825	1.21894165828535	3
4	4	4.14101678284915	0.766719307453001	3
5	5	4.75857547032189	0.314496956620651	3
6	6	8.43012997376656	-0.137725394211699	3
7	7	6.4218324119784	-0.58994774504405	3
8	8	3.46987753078693	-1.0421700958764	3
9	9	5.12629429621295	-1.49439244670875	3
10	10	6.10867605980008	-1.9466147975411	3
11	11	9.94816359487892	-2.39883714837345	3
12	12	8.71962765411473	-2.8510594992058	3
13	13	9.30154290118811	-3.30328185003815	3
14	14	9.22136543189024	-3.7555042008705	3
15	15	8.38831773049185	-4.20772655170285	3
1	1	1.37904870689557	2.16420268648067	4
2	2	2.53964502103344	1.75279666217893	4
3	3	6.61741662829825	1.34139063787719	4
4	4	4.14101678284915	0.929984613575451	4
5	5	4.75857547032189	0.518578589273712	4
6	6	8.43012997376656	0.107172564971974	4
7	7	6.4218324119784	-0.304233459329764	4
8	8	3.46987753078693	-0.715639483631502	4
9	9	5.12629429621295	-1.12704550793324	4
10	10	6.10867605980008	-1.53845153223498	4
11	11	9.94816359487892	-1.94985755653672	4
12	12	8.71962765411473	-2.36126358083846	4
13	13	9.30154290118811	-2.77266960514019	4
14	14	9.22136543189024	-3.18407562944193	4
15	15	8.38831773049185	-3.59548165374367	4
1	1	1.37904870689557	2.20501901301128	5
2	2	2.53964502103344	1.83442931524015	5
3	3	6.61741662829825	1.46383961746903	5
4	4	4.14101678284915	1.0932499196979	5
5	5	4.75857547032189	0.722660221926773	5
6	6	8.43012997376656	0.352070524155647	5
7	7	6.4218324119784	-0.0185191736154788	5
8	8	3.46987753078693	-0.389108871386605	5
9	9	5.12629429621295	-0.759698569157731	5
10	10	6.10867605980008	-1.13028826692886	5
11	11	9.94816359487892	-1.50087796469998	5
12	12	8.71962765411473	-1.87146766247111	5
13	13	9.30154290118811	-2.24205736024224	5
14	14	9.22136543189024	-2.61264705801336	5
15	15	8.38831773049185	-2.98323675578449	5
1	1	1.37904870689557	2.24583533954189	6
2	2	2.53964502103344	1.91606196830138	6
3	3	6.61741662829825	1.58628859706086	6
4	4	4.14101678284915	1.25651522582035	6
5	5	4.75857547032189	0.926741854579835	6
6	6	8.43012997376656	0.596968483339321	6
7	7	6.4218324119784	0.267195112098807	6
8	8	3.46987753078693	-0.0625782591417066	6
9	9	5.12629429621295	-0.39235163038222	6
10	10	6.10867605980008	-0.722125001622734	6
11	11	9.94816359487892	-1.05189837286325	6
12	12	8.71962765411473	-1.38167174410376	6
13	13	9.30154290118811	-1.71144511534428	6
14	14	9.22136543189024	-2.04121848658479	6
15	15	8.38831773049185	-2.3709918578253	6
1	1	1.37904870689557	2.2866516660725	7
2	2	2.53964502103344	1.9976946213626	7
3	3	6.61741662829825	1.7087375766527	7
4	4	4.14101678284915	1.4197805319428	7
5	5	4.75857547032189	1.1308234872329	7
6	6	8.43012997376656	0.841866442522994	7
7	7	6.4218324119784	0.552909397813093	7
8	8	3.46987753078693	0.263952353103191	7
9	9	5.12629429621295	-0.0250046916067102	7
10	10	6.10867605980008	-0.313961736316612	7
11	11	9.94816359487892	-0.602918781026513	7
12	12	8.71962765411473	-0.891875825736415	7
13	13	9.30154290118811	-1.18083287044632	7
14	14	9.22136543189024	-1.46978991515622	7
15	15	8.38831773049185	-1.75874695986612	7
1	1	1.37904870689557	2.32746799260311	8
2	2	2.53964502103344	2.07932727442383	8
3	3	6.61741662829825	1.83118655624454	8
4	4	4.14101678284915	1.58304583806525	8
5	5	4.75857547032189	1.33490511988596	8
6	6	8.43012997376656	1.08676440170667	8
7	7	6.4218324119784	0.838623683527379	8
8	8	3.46987753078693	0.590482965348089	8
9	9	5.12629429621295	0.3423422471688	8
10	10	6.10867605980008	0.0942015289895108	8
11	11	9.94816359487892	-0.153939189189779	8
12	12	8.71962765411473	-0.402079907369068	8
13	13	9.30154290118811	-0.650220625548357	8
14	14	9.22136543189024	-0.898361343727647	8
15	15	8.38831773049185	-1.14650206190694	8
1	1	1.37904870689557	2.36828431913373	9
2	2	2.53964502103344	2.16095992748505	9
3	3	6.61741662829825	1.95363553583637	9
4	4	4.14101678284915	1.7463111441877	9
5	5	4.75857547032189	1.53898675253902	9
6	6	8.43012997376656	1.33166236089034	9
7	7	6.4218324119784	1.12433796924166	9
8	8	3.46987753078693	0.917013577592987	9
9	9	5.12629429621295	0.70968918594431	9
10	10	6.10867605980008	0.502364794295633	9
11	11	9.94816359487892	0.295040402646956	9
12	12	8.71962765411473	0.0877160109982791	9
13	13	9.30154290118811	-0.119608380650398	9
14	14	9.22136543189024	-0.326932772299075	9
15	15	8.38831773049185	-0.534257163947753	9
1	1	1.37904870689557	2.40910064566434	10
2	2	2.53964502103344	2.24259258054627	10
3	3	6.61741662829825	2.07608451542821	10
4	4	4.14101678284915	1.90957645031014	10
5	5	4.75857547032189	1.74306838519208	10
6	6	8.43012997376656	1.57656032007401	10
7	7	6.4218324119784	1.41005225495595	10
8	8	3.46987753078693	1.24354418983789	10
9	9	5.12629429621295	1.07703612471982	10
10	10	6.10867605980008	0.910528059601755	10
11	11	9.94816359487892	0.744019994483691	10
12	12	8.71962765411473	0.577511929365626	10
13	13	9.30154290118811	0.411003864247561	10
14	14	9.22136543189024	0.244495799129496	10
15	15	8.38831773049185	0.0779877340114314	10
1	1	1.37904870689557	2.44991697219495	11
2	2	2.53964502103344	2.3242252336075	11
3	3	6.61741662829825	2.19853349502005	11
4	4	4.14101678284915	2.07284175643259	11
5	5	4.75857547032189	1.94715001784514	11
6	6	8.43012997376656	1.82145827925769	11
7	7	6.4218324119784	1.69576654067024	11
8	8	3.46987753078693	1.57007480208278	11
9	9	5.12629429621295	1.44438306349533	11
10	10	6.10867605980008	1.31869132490788	11
11	11	9.94816359487892	1.19299958632043	11
12	12	8.71962765411473	1.06730784773297	11
13	13	9.30154290118811	0.94161610914552	11
14	14	9.22136543189024	0.815924370558067	11
15	15	8.38831773049185	0.690232631970615	11
1	1	1.37904870689557	2.49073329872556	12
2	2	2.53964502103344	2.40585788666872	12
3	3	6.61741662829825	2.32098247461188	12
4	4	4.14101678284915	2.23610706255504	12
5	5	4.75857547032189	2.1512316504982	12
6	6	8.43012997376656	2.06635623844136	12
7	7	6.4218324119784	1.98148082638452	12
8	8	3.46987753078693	1.89660541432768	12
9	9	5.12629429621295	1.81173000227084	12
10	10	6.10867605980008	1.726854590214	12
11	11	9.94816359487892	1.64197917815716	12
12	12	8.71962765411473	1.55710376610032	12
13	13	9.30154290118811	1.47222835404348	12
14	14	9.22136543189024	1.38735294198664	12
15	15	8.38831773049185	1.3024775299298	12
1	1	1.37904870689557	2.53154962525618	13
2	2	2.53964502103344	2.48749053972995	13
3	3	6.61741662829825	2.44343145420372	13
4	4	4.14101678284915	2.39937236867749	13
5	5	4.75857547032189	2.35531328315126	13
6	6	8.43012997376656	2.31125419762504	13
7	7	6.4218324119784	2.26719511209881	13
8	8	3.46987753078693	2.22313602657258	13
9	9	5.12629429621295	2.17907694104635	13
10	10	6.10867605980008	2.13501785552012	13
11	11	9.94816359487892	2.0909587699939	13
12	12	8.71962765411473	2.04689968446767	13
13	13	9.30154290118811	2.00284059894144	13
14	14	9.22136543189024	1.95878151341521	13
15	15	8.38831773049185	1.91472242788898	13
1	1	1.37904870689557	2.57236595178679	14
2	2	2.53964502103344	2.56912319279117	14
3	3	6.61741662829825	2.56588043379556	14
4	4	4.14101678284915	2.56263767479994	14
5	5	4.75857547032189	2.55939491580432	14
6	6	8.43012997376656	2.55615215680871	14
7	7	6.4218324119784	2.55290939781309	14
8	8	3.46987753078693	2.54966663881748	14
9	9	5.12629429621295	2.54642387982186	14
10	10	6.10867605980008	2.54318112082624	14
11	11	9.94816359487892	2.53993836183063	14
12	12	8.71962765411473	2.53669560283501	14
13	13	9.30154290118811	2.5334528438394	14
14	14	9.22136543189024	2.53021008484378	14
15	15	8.38831773049185	2.52696732584817	14
1	1	1.37904870689557	2.6131822783174	15
2	2	2.53964502103344	2.6507558458524	15
3	3	6.61741662829825	2.68832941338739	15
4	4	4.14101678284915	2.72590298092239	15
5	5	4.75857547032189	2.76347654845739	15
6	6	8.43012997376656	2.80105011599238	15
7	7	6.4218324119784	2.83862368352738	15
8	8	3.46987753078693	2.87619725106238	15
9	9	5.12629429621295	2.91377081859737	15
10	10	6.10867605980008	2.95134438613237	15
11	11	9.94816359487892	2.98891795366736	15
12	12	8.71962765411473	3.02649152120236	15
13	13	9.30154290118811	3.06406508873736	15
14	14	9.22136543189024	3.10163865627235	15
15	15	8.38831773049185	3.13921222380735	15
1	1	1.37904870689557	2.65399860484801	16
2	2	2.53964502103344	2.73238849891362	16
3	3	6.61741662829825	2.81077839297923	16
4	4	4.14101678284915	2.88916828704484	16
5	5	4.75857547032189	2.96755818111045	16
6	6	8.43012997376656	3.04594807517606	16
7	7	6.4218324119784	3.12433796924166	16
8	8	3.46987753078693	3.20272786330727	16
9	9	5.12629429621295	3.28111775737288	16
10	10	6.10867605980008	3.35950765143849	16
11	11	9.94816359487892	3.4378975455041	16
12	12	8.71962765411473	3.51628743956971	16
13	13	9.30154290118811	3.59467733363532	16
14	14	9.22136543189024	3.67306722770092	16
15	15	8.38831773049185	3.75145712176653	16
1	1	1.37904870689557	2.69481493137862	17
2	2	2.53964502103344	2.81402115197485	17
3	3	6.61741662829825	2.93322737257107	17
4	4	4.14101678284915	3.05243359316729	17
5	5	4.75857547032189	3.17163981376351	17
6	6	8.43012997376656	3.29084603435973	17
7	7	6.4218324119784	3.41005225495595	17
8	8	3.46987753078693	3.52925847555217	17
9	9	5.12629429621295	3.64846469614839	17
10	10	6.10867605980008	3.76767091674461	17
11	11	9.94816359487892	3.88687713734083	17
12	12	8.71962765411473	4.00608335793705	17
13	13	9.30154290118811	4.12528957853328	17
14	14	9.22136543189024	4.2444957991295	17
15	15	8.38831773049185	4.36370201972572	17
1	1	1.37904870689557	2.73563125790924	18
2	2	2.53964502103344	2.89565380503607	18
3	3	6.61741662829825	3.0556763521629	18
4	4	4.14101678284915	3.21569889928974	18
5	5	4.75857547032189	3.37572144641657	18
6	6	8.43012997376656	3.5357439935434	18
7	7	6.4218324119784	3.69576654067024	18
8	8	3.46987753078693	3.85578908779707	18
9	9	5.12629429621295	4.0158116349239	18
10	10	6.10867605980008	4.17583418205074	18
11	11	9.94816359487892	4.33585672917757	18
12	12	8.71962765411473	4.4958792763044	18
13	13	9.30154290118811	4.65590182343123	18
14	14	9.22136543189024	4.81592437055807	18
15	15	8.38831773049185	4.9759469176849	18
1	1	1.37904870689557	2.77644758443985	19
2	2	2.53964502103344	2.97728645809729	19
3	3	6.61741662829825	3.17812533175474	19
4	4	4.14101678284915	3.37896420541219	19
5	5	4.75857547032189	3.57980307906963	19
6	6	8.43012997376656	3.78064195272708	19
7	7	6.4218324119784	3.98148082638452	19
8	8	3.46987753078693	4.18231970004197	19
9	9	5.12629429621295	4.38315857369941	19
10	10	6.10867605980008	4.58399744735686	19
11	11	9.94816359487892	4.7848363210143	19
12	12	8.71962765411473	4.98567519467175	19
13	13	9.30154290118811	5.18651406832919	19
14	14	9.22136543189024	5.38735294198664	19
15	15	8.38831773049185	5.58819181564408	19
1	1	1.37904870689557	2.81726391097046	20
2	2	2.53964502103344	3.05891911115852	20
3	3	6.61741662829825	3.30057431134658	20
4	4	4.14101678284915	3.54222951153463	20
5	5	4.75857547032189	3.78388471172269	20
6	6	8.43012997376656	4.02553991191075	20
7	7	6.4218324119784	4.26719511209881	20
8	8	3.46987753078693	4.50885031228687	20
9	9	5.12629429621295	4.75050551247492	20
10	10	6.10867605980008	4.99216071266298	20
11	11	9.94816359487892	5.23381591285104	20
12	12	8.71962765411473	5.4754711130391	20
13	13	9.30154290118811	5.71712631322715	20
14	14	9.22136543189024	5.95878151341521	20
15	15	8.38831773049185	6.20043671360327	20
1	1	1.37904870689557	2.85808023750107	21
2	2	2.53964502103344	3.14055176421974	21
3	3	6.61741662829825	3.42302329093841	21
4	4	4.14101678284915	3.70549481765708	21
5	5	4.75857547032189	3.98796634437575	21
6	6	8.43012997376656	4.27043787109442	21
7	7	6.4218324119784	4.55290939781309	21
8	8	3.46987753078693	4.83538092453176	21
9	9	5.12629429621295	5.11785245125043	21
10	10	6.10867605980008	5.4003239779691	21
11	11	9.94816359487892	5.68279550468777	21
12	12	8.71962765411473	5.96526703140644	21
13	13	9.30154290118811	6.24773855812511	21
14	14	9.22136543189024	6.53021008484378	21
15	15	8.38831773049185	6.81268161156245	21
1	1	1.37904870689557	2.89889656403169	22
2	2	2.53964502103344	3.22218441728097	22
3	3	6.61741662829825	3.54547227053025	22
4	4	4.14101678284915	3.86876012377953	22
5	5	4.75857547032189	4.19204797702881	22
6	6	8.43012997376656	4.5153358302781	22
7	7	6.4218324119784	4.83862368352738	22
8	8	3.46987753078693	5.16191153677666	22
9	9	5.12629429621295	5.48519939002594	22
10	10	6.10867605980008	5.80848724327522	22
11	11	9.94816359487892	6.13177509652451	22
12	12	8.71962765411473	6.45506294977379	22
13	13	9.30154290118811	6.77835080302307	22
14	14	9.22136543189024	7.10163865627235	22
15	15	8.38831773049185	7.42492650952164	22
1	1	1.37904870689557	2.9397128905623	23
2	2	2.53964502103344	3.30381707034219	23
3	3	6.61741662829825	3.66792125012209	23
4	4	4.14101678284915	4.03202542990198	23
5	5	4.75857547032189	4.39612960968188	23
6	6	8.43012997376656	4.76023378946177	23
7	7	6.4218324119784	5.12433796924166	23
8	8	3.46987753078693	5.48844214902156	23
9	9	5.12629429621295	5.85254632880145	23
10	10	6.10867605980008	6.21665050858135	23
11	11	9.94816359487892	6.58075468836124	23
12	12	8.71962765411473	6.94485886814114	23
13	13	9.30154290118811	7.30896304792103	23
14	14	9.22136543189024	7.67306722770092	23
15	15	8.38831773049185	8.03717140748082	23
1	1	1.37904870689557	2.98052921709291	24
2	2	2.53964502103344	3.38544972340342	24
3	3	6.61741662829825	3.79037022971392	24
4	4	4.14101678284915	4.19529073602443	24
5	5	4.75857547032189	4.60021124233494	24
6	6	8.43012997376656	5.00513174864544	24
7	7	6.4218324119784	5.41005225495595	24
8	8	3.46987753078693	5.81497276126646	24
9	9	5.12629429621295	6.21989326757696	24
10	10	6.10867605980008	6.62481377388747	24
11	11	9.94816359487892	7.02973428019798	24
12	12	8.71962765411473	7.43465478650848	24
13	13	9.30154290118811	7.83957529281899	24
14	14	9.22136543189024	8.2444957991295	24
15	15	8.38831773049185	8.64941630544	24
1	1	1.37904870689557	3.02134554362352	25
2	2	2.53964502103344	3.46708237646464	25
3	3	6.61741662829825	3.91281920930576	25
4	4	4.14101678284915	4.35855604214688	25
5	5	4.75857547032189	4.804292874988	25
6	6	8.43012997376656	5.25002970782912	25
7	7	6.4218324119784	5.69576654067024	25
8	8	3.46987753078693	6.14150337351135	25
9	9	5.12629429621295	6.58724020635247	25
10	10	6.10867605980008	7.03297703919359	25
11	11	9.94816359487892	7.47871387203471	25
12	12	8.71962765411473	7.92445070487583	25
13	13	9.30154290118811	8.37018753771695	25
14	14	9.22136543189024	8.81592437055807	25
15	15	8.38831773049185	9.26166120339919	25
1	1	1.37904870689557	3.06216187015413	26
2	2	2.53964502103344	3.54871502952587	26
3	3	6.61741662829825	4.0352681888976	26
4	4	4.14101678284915	4.52182134826933	26
5	5	4.75857547032189	5.00837450764106	26
6	6	8.43012997376656	5.49492766701279	26
7	7	6.4218324119784	5.98148082638452	26
8	8	3.46987753078693	6.46803398575625	26
9	9	5.12629429621295	6.95458714512798	26
10	10	6.10867605980008	7.44114030449972	26
11	11	9.94816359487892	7.92769346387145	26
12	12	8.71962765411473	8.41424662324318	26
13	13	9.30154290118811	8.90079978261491	26
14	14	9.22136543189024	9.38735294198664	26
15	15	8.38831773049185	9.87390610135837	26
1	1	1.37904870689557	3.10297819668475	27
2	2	2.53964502103344	3.63034768258709	27
3	3	6.61741662829825	4.15771716848943	27
4	4	4.14101678284915	4.68508665439178	27
5	5	4.75857547032189	5.21245614029412	27
6	6	8.43012997376656	5.73982562619646	27
7	7	6.4218324119784	6.26719511209881	27
8	8	3.46987753078693	6.79456459800115	27
9	9	5.12629429621295	7.32193408390349	27
10	10	6.10867605980008	7.84930356980584	27
11	11	9.94816359487892	8.37667305570818	27
12	12	8.71962765411473	8.90404254161052	27
13	13	9.30154290118811	9.43141202751287	27
14	14	9.22136543189024	9.95878151341521	27
15	15	8.38831773049185	10.4861509993176	27
1	1	1.37904870689557	3.14379452321536	28
2	2	2.53964502103344	3.71198033564831	28
3	3	6.61741662829825	4.28016614808127	28
4	4	4.14101678284915	4.84835196051423	28
5	5	4.75857547032189	5.41653777294718	28
6	6	8.43012997376656	5.98472358538014	28
7	7	6.4218324119784	6.55290939781309	28
8	8	3.46987753078693	7.12109521024605	28
9	9	5.12629429621295	7.689281022679	28
10	10	6.10867605980008	8.25746683511196	28
11	11	9.94816359487892	8.82565264754491	28
12	12	8.71962765411473	9.39383845997787	28
13	13	9.30154290118811	9.96202427241083	28
14	14	9.22136543189024	10.5302100848438	28
15	15	8.38831773049185	11.0983958972767	28
1	1	1.37904870689557	3.18461084974597	29
2	2	2.53964502103344	3.79361298870954	29
3	3	6.61741662829825	4.40261512767311	29
4	4	4.14101678284915	5.01161726663668	29
5	5	4.75857547032189	5.62061940560024	29
6	6	8.43012997376656	6.22962154456381	29
7	7	6.4218324119784	6.83862368352738	29
8	8	3.46987753078693	7.44762582249095	29
9	9	5.12629429621295	8.05662796145451	29
10	10	6.10867605980008	8.66563010041808	29
11	11	9.94816359487892	9.27463223938165	29
12	12	8.71962765411473	9.88363437834522	29
13	13	9.30154290118811	10.4926365173088	29
14	14	9.22136543189024	11.1016386562724	29
15	15	8.38831773049185	11.7106407952359	29
1	1	1.37904870689557	3.22542717627658	30
2	2	2.53964502103344	3.87524564177076	30
3	3	6.61741662829825	4.52506410726494	30
4	4	4.14101678284915	5.17488257275912	30
5	5	4.75857547032189	5.8247010382533	30
6	6	8.43012997376656	6.47451950374748	30
7	7	6.4218324119784	7.12433796924166	30
8	8	3.46987753078693	7.77415643473584	30
9	9	5.12629429621295	8.42397490023003	30
10	10	6.10867605980008	9.0737933657242	30
11	11	9.94816359487892	9.72361183121838	30
12	12	8.71962765411473	10.3734302967126	30
13	13	9.30154290118811	11.0232487622067	30
14	14	9.22136543189024	11.6730672277009	30
15	15	8.38831773049185	12.3228856931951	30
1	1	1.37904870689557	3.2662435028072	31
2	2	2.53964502103344	3.95687829483199	31
3	3	6.61741662829825	4.64751308685678	31
4	4	4.14101678284915	5.33814787888157	31
5	5	4.75857547032189	6.02878267090637	31
6	6	8.43012997376656	6.71941746293116	31
7	7	6.4218324119784	7.41005225495595	31
8	8	3.46987753078693	8.10068704698074	31
9	9	5.12629429621295	8.79132183900553	31
10	10	6.10867605980008	9.48195663103033	31
11	11	9.94816359487892	10.1725914230551	31
12	12	8.71962765411473	10.8632262150799	31
13	13	9.30154290118811	11.5538610071047	31
14	14	9.22136543189024	12.2444957991295	31
15	15	8.38831773049185	12.9351305911543	31
1	1	1.37904870689557	3.30705982933781	32
2	2	2.53964502103344	4.03851094789321	32
3	3	6.61741662829825	4.76996206644862	32
4	4	4.14101678284915	5.50141318500402	32
5	5	4.75857547032189	6.23286430355943	32
6	6	8.43012997376656	6.96431542211483	32
7	7	6.4218324119784	7.69576654067024	32
8	8	3.46987753078693	8.42721765922564	32
9	9	5.12629429621295	9.15866877778104	32
10	10	6.10867605980008	9.89011989633645	32
11	11	9.94816359487892	10.6215710148919	32
12	12	8.71962765411473	11.3530221334473	32
13	13	9.30154290118811	12.0844732520027	32
14	14	9.22136543189024	12.8159243705581	32
15	15	8.38831773049185	13.5473754891135	32
1	1	1.37904870689557	3.34787615586842	33
2	2	2.53964502103344	4.12014360095444	33
3	3	6.61741662829825	4.89241104604045	33
4	4	4.14101678284915	5.66467849112647	33
5	5	4.75857547032189	6.43694593621249	33
6	6	8.43012997376656	7.2092133812985	33
7	7	6.4218324119784	7.98148082638452	33
8	8	3.46987753078693	8.75374827147054	33
9	9	5.12629429621295	9.52601571655655	33
10	10	6.10867605980008	10.2982831616426	33
11	11	9.94816359487892	11.0705506067286	33
12	12	8.71962765411473	11.8428180518146	33
13	13	9.30154290118811	12.6150854969006	33
14	14	9.22136543189024	13.3873529419866	33
15	15	8.38831773049185	14.1596203870727	33
1	1	1.37904870689557	3.38869248239903	34
2	2	2.53964502103344	4.20177625401566	34
3	3	6.61741662829825	5.01486002563229	34
4	4	4.14101678284915	5.82794379724892	34
5	5	4.75857547032189	6.64102756886555	34
6	6	8.43012997376656	7.45411134048218	34
7	7	6.4218324119784	8.26719511209881	34
8	8	3.46987753078693	9.08027888371544	34
9	9	5.12629429621295	9.89336265533207	34
10	10	6.10867605980008	10.7064464269487	34
11	11	9.94816359487892	11.5195301985653	34
12	12	8.71962765411473	12.332613970182	34
13	13	9.30154290118811	13.1456977417986	34
14	14	9.22136543189024	13.9587815134152	34
15	15	8.38831773049185	14.7718652850318	34
1	1	1.37904870689557	3.42950880892965	35
2	2	2.53964502103344	4.28340890707689	35
3	3	6.61741662829825	5.13730900522413	35
4	4	4.14101678284915	5.99120910337137	35
5	5	4.75857547032189	6.84510920151861	35
6	6	8.43012997376656	7.69900929966585	35
7	7	6.4218324119784	8.55290939781309	35
8	8	3.46987753078693	9.40680949596033	35
9	9	5.12629429621295	10.2607095941076	35
10	10	6.10867605980008	11.1146096922548	35
11	11	9.94816359487892	11.9685097904021	35
12	12	8.71962765411473	12.8224098885493	35
13	13	9.30154290118811	13.6763099866965	35
14	14	9.22136543189024	14.5302100848438	35
15	15	8.38831773049185	15.384110182991	35
1	1	1.37904870689557	3.47032513546026	36
2	2	2.53964502103344	4.36504156013811	36
3	3	6.61741662829825	5.25975798481596	36
4	4	4.14101678284915	6.15447440949382	36
5	5	4.75857547032189	7.04919083417167	36
6	6	8.43012997376656	7.94390725884952	36
7	7	6.4218324119784	8.83862368352738	36
8	8	3.46987753078693	9.73334010820523	36
9	9	5.12629429621295	10.6280565328831	36
10	10	6.10867605980008	11.5227729575609	36
11	11	9.94816359487892	12.4174893822388	36
12	12	8.71962765411473	13.3122058069166	36
13	13	9.30154290118811	14.2069222315945	36
14	14	9.22136543189024	15.1016386562724	36
15	15	8.38831773049185	15.9963550809502	36
1	1	1.37904870689557	3.51114146199087	37
2	2	2.53964502103344	4.44667421319934	37
3	3	6.61741662829825	5.3822069644078	37
4	4	4.14101678284915	6.31773971561627	37
5	5	4.75857547032189	7.25327246682473	37
6	6	8.43012997376656	8.1888052180332	37
7	7	6.4218324119784	9.12433796924166	37
8	8	3.46987753078693	10.0598707204501	37
9	9	5.12629429621295	10.9954034716586	37
10	10	6.10867605980008	11.9309362228671	37
11	11	9.94816359487892	12.8664689740755	37
12	12	8.71962765411473	13.802001725284	37
13	13	9.30154290118811	14.7375344764925	37
14	14	9.22136543189024	15.6730672277009	37
15	15	8.38831773049185	16.6085999789094	37
1	1	1.37904870689557	3.55195778852148	38
2	2	2.53964502103344	4.52830686626056	38
3	3	6.61741662829825	5.50465594399964	38
4	4	4.14101678284915	6.48100502173872	38
5	5	4.75857547032189	7.45735409947779	38
6	6	8.43012997376656	8.43370317721687	38
7	7	6.4218324119784	9.41005225495595	38
8	8	3.46987753078693	10.386401332695	38
9	9	5.12629429621295	11.3627504104341	38
10	10	6.10867605980008	12.3390994881732	38
11	11	9.94816359487892	13.3154485659123	38
12	12	8.71962765411473	14.2917976436513	38
13	13	9.30154290118811	15.2681467213904	38
14	14	9.22136543189024	16.2444957991295	38
15	15	8.38831773049185	17.2208448768686	38
1	1	1.37904870689557	3.59277411505209	39
2	2	2.53964502103344	4.60993951932178	39
3	3	6.61741662829825	5.62710492359148	39
4	4	4.14101678284915	6.64427032786117	39
5	5	4.75857547032189	7.66143573213086	39
6	6	8.43012997376656	8.67860113640055	39
7	7	6.4218324119784	9.69576654067023	39
8	8	3.46987753078693	10.7129319449399	39
9	9	5.12629429621295	11.7300973492096	39
10	10	6.10867605980008	12.7472627534793	39
11	11	9.94816359487892	13.764428157749	39
12	12	8.71962765411473	14.7815935620187	39
13	13	9.30154290118811	15.7987589662884	39
14	14	9.22136543189024	16.8159243705581	39
15	15	8.38831773049185	17.8330897748278	39
1	1	1.37904870689557	3.63359044158271	40
2	2	2.53964502103344	4.69157217238301	40
3	3	6.61741662829825	5.74955390318331	40
4	4	4.14101678284915	6.80753563398361	40
5	5	4.75857547032189	7.86551736478392	40
6	6	8.43012997376656	8.92349909558422	40
7	7	6.4218324119784	9.98148082638452	40
8	8	3.46987753078693	11.0394625571848	40
9	9	5.12629429621295	12.0974442879851	40
10	10	6.10867605980008	13.1554260187854	40
11	11	9.94816359487892	14.2134077495857	40
12	12	8.71962765411473	15.271389480386	40
13	13	9.30154290118811	16.3293712111863	40
14	14	9.22136543189024	17.3873529419866	40
15	15	8.38831773049185	18.4453346727869	40
1	1	1.37904870689557	3.67440676811332	41
2	2	2.53964502103344	4.77320482544423	41
3	3	6.61741662829825	5.87200288277515	41
4	4	4.14101678284915	6.97080094010606	41
5	5	4.75857547032189	8.06959899743698	41
6	6	8.43012997376656	9.16839705476789	41
7	7	6.4218324119784	10.2671951120988	41
8	8	3.46987753078693	11.3659931694297	41
9	9	5.12629429621295	12.4647912267606	41
10	10	6.10867605980008	13.5635892840915	41
11	11	9.94816359487892	14.6623873414225	41
12	12	8.71962765411473	15.7611853987534	41
13	13	9.30154290118811	16.8599834560843	41
14	14	9.22136543189024	17.9587815134152	41
15	15	8.38831773049185	19.0575795707461	41
1	1	1.37904870689557	3.71522309464393	42
2	2	2.53964502103344	4.85483747850546	42
3	3	6.61741662829825	5.99445186236699	42
4	4	4.14101678284915	7.13406624622851	42
5	5	4.75857547032189	8.27368063009004	42
6	6	8.43012997376656	9.41329501395156	42
7	7	6.4218324119784	10.5529093978131	42
8	8	3.46987753078693	11.6925237816746	42
9	9	5.12629429621295	12.8321381655361	42
10	10	6.10867605980008	13.9717525493977	42
11	11	9.94816359487892	15.1113669332592	42
12	12	8.71962765411473	16.2509813171207	42
13	13	9.30154290118811	17.3905957009823	42
14	14	9.22136543189024	18.5302100848438	42
15	15	8.38831773049185	19.6698244687053	42
1	1	1.37904870689557	3.75603942117454	43
2	2	2.53964502103344	4.93647013156668	43
3	3	6.61741662829825	6.11690084195882	43
4	4	4.14101678284915	7.29733155235096	43
5	5	4.75857547032189	8.4777622627431	43
6	6	8.43012997376656	9.65819297313524	43
7	7	6.4218324119784	10.8386236835274	43
8	8	3.46987753078693	12.0190543939195	43
9	9	5.12629429621295	13.1994851043117	43
10	10	6.10867605980008	14.3799158147038	43
11	11	9.94816359487892	15.5603465250959	43
12	12	8.71962765411473	16.7407772354881	43
13	13	9.30154290118811	17.9212079458802	43
14	14	9.22136543189024	19.1016386562724	43
15	15	8.38831773049185	20.2820693666645	43
1	1	1.37904870689557	3.79685574770516	44
2	2	2.53964502103344	5.01810278462791	44
3	3	6.61741662829825	6.23934982155066	44
4	4	4.14101678284915	7.46059685847341	44
5	5	4.75857547032189	8.68184389539616	44
6	6	8.43012997376656	9.90309093231891	44
7	7	6.4218324119784	11.1243379692417	44
8	8	3.46987753078693	12.3455850061644	44
9	9	5.12629429621295	13.5668320430872	44
10	10	6.10867605980008	14.7880790800099	44
11	11	9.94816359487892	16.0093261169327	44
12	12	8.71962765411473	17.2305731538554	44
13	13	9.30154290118811	18.4518201907782	44
14	14	9.22136543189024	19.6730672277009	44
15	15	8.38831773049185	20.8943142646237	44
1	1	1.37904870689557	3.83767207423577	45
2	2	2.53964502103344	5.09973543768913	45
3	3	6.61741662829825	6.36179880114249	45
4	4	4.14101678284915	7.62386216459586	45
5	5	4.75857547032189	8.88592552804922	45
6	6	8.43012997376656	10.1479888915026	45
7	7	6.4218324119784	11.410052254956	45
8	8	3.46987753078693	12.6721156184093	45
9	9	5.12629429621295	13.9341789818627	45
10	10	6.10867605980008	15.196242345316	45
11	11	9.94816359487892	16.4583057087694	45
12	12	8.71962765411473	17.7203690722228	45
13	13	9.30154290118811	18.9824324356761	45
14	14	9.22136543189024	20.2444957991295	45
15	15	8.38831773049185	21.5065591625829	45
1	1	1.37904870689557	3.87848840076638	46
2	2	2.53964502103344	5.18136809075036	46
3	3	6.61741662829825	6.48424778073433	46
4	4	4.14101678284915	7.78712747071831	46
5	5	4.75857547032189	9.09000716070228	46
6	6	8.43012997376656	10.3928868506863	46
7	7	6.4218324119784	11.6957665406702	46
8	8	3.46987753078693	12.9986462306542	46
9	9	5.12629429621295	14.3015259206382	46
10	10	6.10867605980008	15.6044056106222	46
11	11	9.94816359487892	16.9072853006061	46
12	12	8.71962765411473	18.2101649905901	46
13	13	9.30154290118811	19.5130446805741	46
14	14	9.22136543189024	20.8159243705581	46
15	15	8.38831773049185	22.118804060542	46
1	1	1.37904870689557	3.91930472729699	47
2	2	2.53964502103344	5.26300074381158	47
3	3	6.61741662829825	6.60669676032617	47
4	4	4.14101678284915	7.95039277684076	47
5	5	4.75857547032189	9.29408879335534	47
6	6	8.43012997376656	10.6377848098699	47
7	7	6.4218324119784	11.9814808263845	47
8	8	3.46987753078693	13.3251768428991	47
9	9	5.12629429621295	14.6688728594137	47
10	10	6.10867605980008	16.0125688759283	47
11	11	9.94816359487892	17.3562648924429	47
12	12	8.71962765411473	18.6999609089575	47
13	13	9.30154290118811	20.043656925472	47
14	14	9.22136543189024	21.3873529419866	47
15	15	8.38831773049185	22.7310489585012	47
1	1	1.37904870689557	3.9601210538276	48
2	2	2.53964502103344	5.34463339687281	48
3	3	6.61741662829825	6.72914573991801	48
4	4	4.14101678284915	8.11365808296321	48
5	5	4.75857547032189	9.49817042600841	48
6	6	8.43012997376656	10.8826827690536	48
7	7	6.4218324119784	12.2671951120988	48
8	8	3.46987753078693	13.651707455144	48
9	9	5.12629429621295	15.0362197981892	48
10	10	6.10867605980008	16.4207321412344	48
11	11	9.94816359487892	17.8052444842796	48
12	12	8.71962765411473	19.1897568273248	48
13	13	9.30154290118811	20.57426917037	48
14	14	9.22136543189024	21.9587815134152	48
15	15	8.38831773049185	23.3432938564604	48
1	1	1.37904870689557	4.00093738035822	49
2	2	2.53964502103344	5.42626604993403	49
3	3	6.61741662829825	6.85159471950984	49
4	4	4.14101678284915	8.27692338908565	49
5	5	4.75857547032189	9.70225205866147	49
6	6	8.43012997376656	11.1275807282373	49
7	7	6.4218324119784	12.5529093978131	49
8	8	3.46987753078693	13.9782380673889	49
9	9	5.12629429621295	15.4035667369647	49
10	10	6.10867605980008	16.8288954065405	49
11	11	9.94816359487892	18.2542240761163	49
12	12	8.71962765411473	19.6795527456922	49
13	13	9.30154290118811	21.104881415268	49
14	14	9.22136543189024	22.5302100848438	49
15	15	8.38831773049185	23.9555387544196	49
1	1	1.37904870689557	4.04175370688883	50
2	2	2.53964502103344	5.50789870299525	50
3	3	6.61741662829825	6.97404369910168	50
4	4	4.14101678284915	8.4401886952081	50
5	5	4.75857547032189	9.90633369131453	50
6	6	8.43012997376656	11.372478687421	50
7	7	6.4218324119784	12.8386236835274	50
8	8	3.46987753078693	14.3047686796338	50
9	9	5.12629429621295	15.7709136757402	50
10	10	6.10867605980008	17.2370586718467	50
11	11	9.94816359487892	18.7032036679531	50
12	12	8.71962765411473	20.1693486640595	50
13	13	9.30154290118811	21.6354936601659	50
14	14	9.22136543189024	23.1016386562724	50
15	15	8.38831773049185	24.5677836523788	50
